BEGIN TRANSACTION;
CREATE TABLE EDGE
(
    source      VARCHAR(8),
    destination VARCHAR(8),
    type        STRING,
    id          VARCHAR(8)
);
INSERT INTO "EDGE" VALUES('ABCD-1AB','ABCD-5AB','AssumedBiological','MLBP-167');
INSERT INTO "EDGE" VALUES('ABCD-1AB','ABCD-6AB','AssumedBiological','MLBP-167');
INSERT INTO "EDGE" VALUES('ABCD-2AB','ABCD-5AB','AssumedBiological','M9JK-BT5');
INSERT INTO "EDGE" VALUES('ABCD-2AB','ABCD-3AB','AssumedBiological','M9JK-BT5');
INSERT INTO "EDGE" VALUES('ABCD-3AB','ABCD-AAB','UnspecifiedParentType','MZRR-D4L');
INSERT INTO "EDGE" VALUES('ABCD-3AB','ABCD-9AB','BiologicalParent','MZRR-D4L');
INSERT INTO "EDGE" VALUES('ABCD-3AB','ABCD-BAB','StepParent','98FZ-R77');
INSERT INTO "EDGE" VALUES('ABCD-4AB','ABCD-AAB','AssumedBiological','9HBF-HG7');
INSERT INTO "EDGE" VALUES('ABCD-4AB','ABCD-BAB','AssumedBiological','9HBF-HG7');
INSERT INTO "EDGE" VALUES('ABCD-5AB','ABCD-8AB','AssumedBiological','M9CP-S5N');
INSERT INTO "EDGE" VALUES('ABCD-5AB','ABCD-7AB','AssumedBiological','M9CP-S5N');
INSERT INTO "EDGE" VALUES('ABCD-8AB','ABCD-DAB','AssumedBiological','MWFP-3BY');
INSERT INTO "EDGE" VALUES('ABCD-8AB','ABCD-CAB','AssumedBiological','MWFP-3BY');
INSERT INTO "EDGE" VALUES('ABCD-AAB','ABCD-EAB','AssumedBiological','M4W8-FH4');
INSERT INTO "EDGE" VALUES('ABCD-AAB','ABCD-FAB','AssumedBiological','M4W8-FH4');
CREATE TABLE VERTEX
(
    id         VARCHAR(8) NOT NULL PRIMARY KEY,
    color      INTEGER,
    surname    STRING,
    given_name STRING,
    iteration  INTEGER,
    lifespan   STRING
);
INSERT INTO "VERTEX" VALUES('ABCD-1AB',-1,'R','H',0,'1935-2016');
INSERT INTO "VERTEX" VALUES('ABCD-2AB',-1,'R','D',0,'1963-Living');
INSERT INTO "VERTEX" VALUES('ABCD-3AB',1,'S','R',1,'1924-1991');
INSERT INTO "VERTEX" VALUES('ABCD-4AB',-1,'S','D',2,'1935-2019');
INSERT INTO "VERTEX" VALUES('ABCD-5AB',-1,'R','E',1,'1912-1993');
INSERT INTO "VERTEX" VALUES('ABCD-6AB',1,'T','M',1,'1912-1988');
INSERT INTO "VERTEX" VALUES('ABCD-7AB',1,'W','A',2,'1882-1964');
INSERT INTO "VERTEX" VALUES('ABCD-8AB',-1,'R','M',2,'1880-1948');
INSERT INTO "VERTEX" VALUES('ABCD-9AB',1,'W','I',3,'1901-1929');
INSERT INTO "VERTEX" VALUES('ABCD-AAB',-1,'S','J',3,'1894-1983');
INSERT INTO "VERTEX" VALUES('ABCD-BAB',1,'K','E',3,'1913-2007');
INSERT INTO "VERTEX" VALUES('ABCD-CAB',1,'K','M',3,'1838-1925');
INSERT INTO "VERTEX" VALUES('ABCD-DAB',-1,'R','G',3,'1836-1904');
INSERT INTO "VERTEX" VALUES('ABCD-EAB',-1,'S','S',3,'1854-1896');
INSERT INTO "VERTEX" VALUES('ABCD-FAB',1,'C','E',3,'1868-1942');
CREATE TABLE ORDERING
(
    id       INTEGER NOT NULL PRIMARY KEY,
    position INTEGER
);
INSERT INTO "ORDERING" VALUES(1,1);
INSERT INTO "ORDERING" VALUES(2,2);
INSERT INTO "ORDERING" VALUES(3,3);
INSERT INTO "ORDERING" VALUES(4,4);
INSERT INTO "ORDERING" VALUES(5,5);
INSERT INTO "ORDERING" VALUES(6,6);
INSERT INTO "ORDERING" VALUES(7,7);
INSERT INTO "ORDERING" VALUES(8,8);
INSERT INTO "ORDERING" VALUES(9,9);
INSERT INTO "ORDERING" VALUES(10,10);
INSERT INTO "ORDERING" VALUES(11,11);
INSERT INTO "ORDERING" VALUES(12,12);
INSERT INTO "ORDERING" VALUES(13,13);
INSERT INTO "ORDERING" VALUES(14,14);
INSERT INTO "ORDERING" VALUES(15,15);
CREATE INDEX EDGE_SOURCE_IDX ON EDGE(source);
CREATE INDEX EDGE_DESTINATION_IDX ON EDGE(destination);
CREATE INDEX EDGE_TYPE_IDX ON EDGE(type);
CREATE INDEX EDGE_ID_IDX ON EDGE(id);
CREATE INDEX ORDER_INDEX ON ORDERING(position);
COMMIT;
